{
  "python2": {
    "language": "python2",
    "total_samples": 674301,
    "mean": 1233.9125464740523,
    "std": 7525.452310756393,
    "min": 2.0,
    "max": 650927.0,
    "median": 267.0,
    "percentiles": {
      "0": 2.0,
      "1": 7.0,
      "5": 19.0,
      "10": 33.0,
      "25": 89.0,
      "50": 267.0,
      "75": 870.0,
      "90": 2449.0,
      "95": 4273.0,
      "99": 12927.0,
      "100": 650927.0
    }
  },
  "python3": {
    "language": "python3",
    "total_samples": 930505,
    "mean": 1143.2703435231406,
    "std": 3663.372250779464,
    "min": 3.0,
    "max": 666716.0,
    "median": 482.0,
    "percentiles": {
      "0": 3.0,
      "1": 20.0,
      "5": 49.0,
      "10": 84.0,
      "25": 193.0,
      "50": 482.0,
      "75": 1164.0,
      "90": 2502.0,
      "95": 3974.0,
      "99": 9759.0,
      "100": 666716.0
    }
  }
}